cat,link
Appliance Parts & Accessories,https://www.menards.com/main/appliances/appliance-parts-accessories/c-9332.htm
Kitchen Appliance Packages,https://www.menards.com/main/appliances/kitchen-appliance-packages/c-19365.htm
Cooktops,https://www.menards.com/main/appliances/cooktops/c-14092.htm
Dishwashers,https://www.menards.com/main/appliances/dishwashers/c-19790.htm
Freezers,https://www.menards.com/main/appliances/freezers-ice-makers/c-7214.htm
Microwaves,https://www.menards.com/main/appliances/microwaves/c-1526071950674.htm
Range Hoods,https://www.menards.com/main/appliances/range-hoods/c-9571.htm
Ranges,https://www.menards.com/main/appliances/ranges/c-5585.htm
Refrigerators,https://www.menards.com/main/appliances/refrigerators/c-14090.htm
Small Appliances,https://www.menards.com/main/appliances/small-appliances/c-19832.htm
Trash Compactors,https://www.menards.com/main/appliances/trash-compactors/c-1501685855351.htm
Vacuum Cleaners & Floor Care,https://www.menards.com/main/appliances/vacuum-cleaners-floor-care/c-14094.htm
Wall Ovens,https://www.menards.com/main/appliances/wall-ovens/c-14089.htm
Washing Machines & Dryers,https://www.menards.com/main/appliances/washers-dryers/c-14095.htm
Ice Makers,https://www.menards.com/main/appliances/ice-makers/c-1642874270694520.htm
Bathroom Cabinets & Storage,https://www.menards.com/main/bath/bathroom-cabinets-storage/c-9450.htm
Bathroom Fan Accessories,https://www.menards.com/main/bath/bathroom-fan-accessories/c-1453749026746.htm
Bathroom Fans & Ventilators,https://www.menards.com/main/bath/bathroom-fans-ventilators/c-5869.htm
Bathroom Faucets,https://www.menards.com/main/bath/bathroom-faucets/c-5904.htm
Bathroom Hardware & Coordinates,https://www.menards.com/main/bath/bathroom-hardware-coordinates/c-5913.htm
Bathroom Safety,https://www.menards.com/main/bath/bathroom-safety/c-6052.htm
Bathroom Sinks,https://www.menards.com/main/bath/bathroom-sinks/c-1451416484952.htm
Bathroom Vanities & Tops,https://www.menards.com/main/bath/bathroom-vanities-tops/c-5898.htm
Bathtubs & Whirlpool Tubs,https://www.menards.com/main/bath/bathtubs-whirlpool-tubs/c-13927.htm
Mirrors,https://www.menards.com/main/grocery-home/decorative-accents/mirrors/c-6937.htm
Showers & Shower Doors,https://www.menards.com/main/bath/showers-shower-doors/c-8350.htm
Toilets,https://www.menards.com/main/bath/toilets/c-5967.htm
Towel Warmers,https://www.menards.com/main/bath/towel-warmers/c-9933.htm
Restroom Supplies,https://www.menards.com/main/bath/restroom-supplies/c-6197.htm
CustomCraft Countertops,https://www.menards.com/main/a-CustomCraft.html
Dakota,https://www.menards.com/main/brands/dakota/c-13978.htm
FlorCraft,https://www.menards.com/main/landing-pages/brands/florcraft/c-1841405561305176.htm
Grip Fast,https://www.menards.com/main/brands/grip-fast/c-13986.htm
Guidesman,https://www.menards.com/main/landing-pages/brands/guidesman/c-1245710554737306.htm
KLËARVŪE Cabinetry®,https://www.menards.com/main/a-klearvuecabinetry.html
Master Garden,https://www.menards.com/main/landing-pages/brands/master-garden/c-1841405561305173.htm
MASTERCRAFT® Doors,https://www.menards.com/main/a-MastercraftDoors.html
Masterforce,https://www.menards.com/main/brands/masterforce/c-13923.htm
MM Concrete,https://www.menards.com/main/a-MMConcrete.html
Patriot Lighting,https://www.menards.com/main/brands/patriot-lighting/c-14017.htm
Rugged Wear,https://www.menards.com/main/landing-pages/brands/rugged-wear/c-1841405561305130.htm
UltraDeck,https://www.menards.com/main/a-UltraDeck.html
Acrylic & Glass Sheets,https://www.menards.com/main/doors-windows-millwork/acrylic-glass-sheets/c-7551.htm
Books & Building Plans,https://www.menards.com/main/building-materials/books-building-plans/c-5788.htm
Columns & Accessories,https://www.menards.com/main/building-materials/columns-accessories/c-5721.htm
"Concrete, Cement & Masonry",https://www.menards.com/main/building-materials/concrete-cement-masonry/c-5641.htm
Decking & Deck Materials,https://www.menards.com/main/building-materials/decking-deck-materials/c-5727.htm
Drywall,https://www.menards.com/main/building-materials/drywall/c-5654.htm
Fencing,https://www.menards.com/main/building-materials/fencing/c-5734.htm
Glass Blocks & Glass Block Panels,https://www.menards.com/main/doors-windows-millwork/windows/glass-blocks-glass-block-panels/c-7685.htm
Gutters & Accessories,https://www.menards.com/main/building-materials/gutters-accessories/c-5811.htm
Homes,https://www.menards.com/main/landing-pages/homes/c-1642874255983027.htm
Insulation,https://www.menards.com/main/building-materials/insulation/c-5775.htm
Landscape Block,https://www.menards.com/main/building-materials/landscape-block/c-12987.htm
Landscaping Materials,https://www.menards.com/main/building-materials/landscaping-materials/c-5781.htm
Lumber & Boards,https://www.menards.com/main/building-materials/lumber-boards/c-5666.htm
Metal Framing,https://www.menards.com/main/building-materials/metal-framing/c-5695.htm
Plywood and Panel Products,https://www.menards.com/main/building-materials/panel-products/c-5696.htm
Post Frame Store,https://www.menards.com/main/building-materials/pole-barn-post-frame-materials/c-5712.htm
Roofing,https://www.menards.com/main/building-materials/roofing/c-5809.htm
Sheds & Accessories,https://www.menards.com/main/outdoors/sheds-accessories/c-9482.htm
Siding,https://www.menards.com/main/building-materials/siding/c-5823.htm
Soffit,https://www.menards.com/main/building-materials/soffit/c-1488981946224.htm
Steel Roofing,https://www.menards.com/main/building-materials/steel-roofing/c-1539610070430.htm
Treated Lumber,https://www.menards.com/main/building-materials/lumber-boards/treated-wood-products/c-13123.htm
"Trusses, I-Joists & Engineered Lumber",https://www.menards.com/main/building-materials/trusses-i-joists-engineered-lumber/c-5657.htm
Wall Paneling & Planking,https://www.menards.com/main/paint/paneling-planking/c-8162.htm
Acrylic & Glass Sheets,https://www.menards.com/main/doors-windows-millwork/acrylic-glass-sheets/c-7551.htm
Door & Window Hardware,https://www.menards.com/main/hardware/door-window-hardware/c-7575.htm
Door Locks,https://www.menards.com/main/hardware/door-locks/c-7597.htm
Door Store by Menards®,https://www.menards.com/main/door-store-by-menards/c-1554909130155.htm
"Dowels, Pins, Plugs & Hobby Wood",https://www.menards.com/main/doors-windows-millwork/dowels-wooden-pins-plugs/c-12188.htm
Exterior Doors,https://www.menards.com/main/doors-windows-millwork/exterior-doors/c-7562.htm
Garage Doors & Openers,https://www.menards.com/main/doors-windows-millwork/garage-doors-openers/c-3611.htm
Interior Doors,https://www.menards.com/main/doors-windows-millwork/interior-doors/c-6257.htm
Millwork Staircase Systems & Accessories,https://www.menards.com/main/doors-windows-millwork/staircase-systems-parts/c-7671.htm
Mobile Home Parts,https://www.menards.com/main/doors-windows-millwork/mobile-home-parts/c-12533.htm
Moulding & Trim,https://www.menards.com/main/doors-windows-millwork/moulding-trim/c-13427.htm
Weather Stripping,https://www.menards.com/main/hardware/weather-stripping/c-3624.htm
Window & Door Screens,https://www.menards.com/main/doors-windows-millwork/window-door-screening-supplies/screens/c-7666.htm
Windows,https://www.menards.com/main/doors-windows-millwork/windows/c-7681.htm
Custom Door & Window Awnings,https://www.menards.com/main/measuremententry.html?cid=13307
Awnings,https://www.menards.com/main/outdoors/patios-structures/awnings/c-13308.htm
Commercial Sliding Doors,https://www.menards.com/main/doors-windows-millwork/commercial-sliding-doors/c-1522847152982.htm
"Air Curtains, Impact Doors & Vinyl Strip Doors",https://www.menards.com/main/maintenance-repair-operations/office-commercial/air-curtains-impact-doors-vinyl-strip-doors/c-12508.htm
Alarms & Security Systems,https://www.menards.com/main/electrical/doorbells-alarms-security-systems/c-6463.htm
Batteries,https://www.menards.com/main/electrical/batteries/c-6303.htm
Circuit Protection & Power Distribution,https://www.menards.com/main/electrical/circuit-protection-distribution/c-14266.htm
"Conduit, Conduit Fittings & Raceways",https://www.menards.com/main/electrical/conduit-conduit-fittings-raceways/c-14265.htm
Doorbells,https://www.menards.com/main/electrical/doorbells/c-6466.htm
Electrical Boxes & Covers,https://www.menards.com/main/electrical/electrical-boxes-covers/c-14182.htm
Electrical Tools & Accessories,https://www.menards.com/main/electrical/electrical-tools-accessories/c-6453.htm
Electrical Wire & Cable,https://www.menards.com/main/electrical/electrical-wire-cable/c-1461705595760.htm
Extension Cords & Surge Protectors,https://www.menards.com/main/electrical/electrical-cords-surge-protectors/c-9480.htm
Fire Safety,https://www.menards.com/main/electrical/fire-safety/c-1475583176027.htm
Home Electronics,https://www.menards.com/main/electrical/electronics/c-6294.htm
Light Bulbs,https://www.menards.com/main/electrical/light-bulbs/c-7477.htm
"Light Switches, Dimmers & Outlets",https://www.menards.com/main/electrical/light-switches-dimmers-outlets/c-6319.htm
Lighting & Ceiling Fans,https://www.menards.com/main/lighting-ceiling-fans/c-7476.htm
Smart Home,https://www.menards.com/main/electrical/smart-home/c-19772.htm
Solar & Wind Power,https://www.menards.com/main/electrical/solar-wind-power/c-6292.htm
Wall Plates,https://www.menards.com/main/electrical/wall-plates/c-1489667504662.htm
"Area Rugs, Mats & Runners",https://www.menards.com/main/flooring-rugs/area-rugs-mats-runners/c-6513.htm
Carpet & Carpet Tiles,https://www.menards.com/main/flooring-rugs/carpet-carpet-tiles/c-6536.htm
Cork Flooring,https://www.menards.com/main/flooring-rugs/cork-flooring/c-6569.htm
Under Floor Heating,https://www.menards.com/main/flooring-rugs/tile-stone/under-floor-heating/c-6331.htm
Fan Shop,https://www.menards.com/main/flooring-rugs/fan-shop/c-12716.htm
Hardwood Flooring,https://www.menards.com/main/flooring-rugs/hardwood-flooring/c-6572.htm
Laminate Flooring,https://www.menards.com/main/flooring-rugs/laminate-flooring/c-6606.htm
Tile & Stone,https://www.menards.com/main/flooring-rugs/tile-stone/c-6546.htm
Garage Flooring,https://www.menards.com/main/flooring-rugs/garage-flooring/c-6614.htm
Vinyl Flooring,https://www.menards.com/main/flooring-rugs/vinyl-flooring/c-6615.htm
Wall Base,https://www.menards.com/main/flooring-rugs/wall-base/c-6613.htm
Exercise & Gym Flooring,https://www.menards.com/main/flooring-rugs/exercise-gym-flooring/c-1536584011607.htm
Flooring Trims & Edgings,https://www.menards.com/main/flooring-rugs/flooring-trims-edgings/c-12603.htm
Books,https://www.menards.com/main/grocery-home/books/c-6484.htm
Cleaners & Household Essentials,https://www.menards.com/main/grocery-home/cleaners-household-essentials/c-19742.htm
Clothing & Accessories,https://www.menards.com/main/grocery-home/clothing-accessories/c-7079.htm
Craft Supplies,https://www.menards.com/main/grocery-home/craft-supplies/c-6961.htm
Decorative Accents,https://www.menards.com/main/grocery-home/decorative-accents/c-6921.htm
Fan Shop,https://www.menards.com/main/flooring-rugs/fan-shop/c-12716.htm
Furniture,https://www.menards.com/main/grocery-home/furniture/c-7707.htm
Grocery,https://www.menards.com/main/grocery-home/grocery/c-1552918768160.htm
Health & Beauty,https://www.menards.com/main/grocery-home/health-beauty/c-19744.htm
Holiday Decorations,https://www.menards.com/main/holiday-decorations/c-1548786202463.htm
Home Accessibility,https://www.menards.com/main/grocery-home/home-accessibility/c-12376.htm
Jewelry,https://www.menards.com/main/grocery-home/jewelry/c-12797.htm
Menards Collectibles,https://www.menards.com/main/grocery-home/menards-collectibles/c-13317.htm
Office Supplies,https://www.menards.com/main/grocery-home/office-supplies/c-7152.htm
Toys & Games,https://www.menards.com/main/grocery-home/toys-games/c-12325.htm
As Seen on TV,https://www.menards.com/main/as-seen-on-tv/c-1489409021704.htm
Cabinet Hardware,https://www.menards.com/main/hardware/cabinet-hardware/c-9341.htm
Casters & Furniture Hardware,https://www.menards.com/main/hardware/casters-furniture-hardware/c-13087.htm
Door & Window Hardware,https://www.menards.com/main/hardware/door-window-hardware/c-7575.htm
Door Locks,https://www.menards.com/main/hardware/door-locks/c-7597.htm
Fasteners & Connectors,https://www.menards.com/main/hardware/fasteners-connectors/c-8706.htm
Garage Door Parts & Accessories,https://www.menards.com/main/hardware/garage-door-parts-accessories/c-7577.htm
Gate Hardware,https://www.menards.com/main/hardware/gate-hardware/c-9691.htm
Hand Knobs & Handwheels,https://www.menards.com/main/hardware/hand-knobs-handwheels/c-19659.htm
Indoor/Outdoor Signs,https://www.menards.com/main/hardware/indoor-outdoor-signs/c-13840.htm
Mailboxes & Mailbox Posts,https://www.menards.com/main/hardware/mailboxes-mailbox-posts/c-1482431821539.htm
Picture & Mirror Hanging Hardware,https://www.menards.com/main/hardware/picture-mirror-hanging-hardware/c-13085.htm
Safes,https://www.menards.com/main/hardware/safes/c-7717.htm
Sheet Metal & Rods,https://www.menards.com/main/hardware/sheet-metal-rods/c-9215.htm
Tool Rental,https://www.menards.com/main/rental-equipment/c-13371.htm
Utility Hardware,https://www.menards.com/main/hardware/utility-hardware/c-9696.htm
Weather Stripping,https://www.menards.com/main/hardware/weather-stripping/c-3624.htm
Ornamental Wood Ties,https://www.menards.com/main/building-materials/decking-deck-products/ornamental-wood-ties/c-19116.htm
Air Conditioners & Accessories,https://www.menards.com/main/heating-cooling/air-conditioners-accessories/c-1497103338431.htm
Air Filters,https://www.menards.com/main/heating-cooling/air-filters/c-6856.htm
Chimney Caps,https://www.menards.com/main/heating-cooling/chimney-caps/c-6799.htm
Dehumidifiers,https://www.menards.com/main/heating-cooling/dehumidifiers/c-1497103338432.htm
Ductwork,https://www.menards.com/main/heating-cooling/ductwork/c-6805.htm
Fireplaces & Stoves,https://www.menards.com/main/heating-cooling/fireplaces-stoves/c-12883.htm
Heaters,https://www.menards.com/main/heating-cooling/heaters/c-6858.htm
Hydronic Radiant Heat,https://www.menards.com/main/plumbing/hydronic-radiant-heat/c-8517.htm
Indoor Air Quality,https://www.menards.com/main/heating-cooling/indoor-air-quality/c-13880.htm
Portable Fans,https://www.menards.com/main/heating-cooling/portable-fans/c-12727.htm
Propane Tanks,https://www.menards.com/main/heating-cooling/propane-tanks/c-6878.htm
Registers & Grilles,https://www.menards.com/main/heating-cooling/registers-grilles/c-6879.htm
Thermostats & Freeze Alarms,https://www.menards.com/main/heating-cooling/thermostats-freeze-alarms/c-12864.htm
Venting,https://www.menards.com/main/heating-cooling/venting/c-6889.htm
Backsplashes & Wall Tiles,https://www.menards.com/main/kitchen/backsplashes-wall-tiles/c-8163.htm
Bar Equipment & Cocktail Stations,https://www.menards.com/main/kitchen/bar-equipment-cocktail-stations/c-14187.htm
Cabinet Hardware,https://www.menards.com/main/hardware/cabinet-hardware/c-9341.htm
Cabinet Organization & Accessories,https://www.menards.com/main/kitchen/cabinet-organization-accessories/c-9348.htm
Cabinet Store,https://www.menards.com/main/landing-pages/cabinet-store/c-60892455609.htm
Countertops & Laminate,https://www.menards.com/main/kitchen/countertops-laminate/c-14116.htm
Garbage Disposals,https://www.menards.com/main/kitchen/garbage-disposals/c-8508.htm
Hot Water Dispensers,https://www.menards.com/main/kitchen/hot-water-dispensers/c-8677.htm
Kitchen Appliances,https://www.menards.com/main/kitchen/kitchen-appliances/c-7211.htm
Kitchen Cabinets,https://www.menards.com/main/kitchen/kitchen-cabinets/c-12410.htm
Kitchen Essentials,https://www.menards.com/main/kitchen/kitchen-essentials/c-7249.htm
Kitchen Faucets,https://www.menards.com/main/kitchen/kitchen-faucets/c-8509.htm
Kitchen Furniture,https://www.menards.com/main/grocery-home/furniture/kitchen-furniture/c-7714.htm
Kitchen Sinks,https://www.menards.com/main/kitchen/kitchen-sinks/c-1451416484953.htm
Restaurant Supplies,https://www.menards.com/main/kitchen/restaurant-supplies/c-6202.htm
Sink Sprayers & Strainer Baskets,https://www.menards.com/main/kitchen/sink-sprayers-strainer-baskets/c-8506.htm
Ceiling Fans,https://www.menards.com/main/lighting-ceiling-fans/ceiling-fans/c-7483.htm
Flashlights & Accessories,https://www.menards.com/main/lighting-ceiling-fans/flashlights-accessories/c-6314.htm
Indoor Lighting,https://www.menards.com/main/lighting-ceiling-fans/indoor-lighting/c-7489.htm
LED Lighting,https://www.menards.com/main/led-lighting/c-19450.htm
Light Bulbs,https://www.menards.com/main/electrical/light-bulbs/c-7477.htm
Lighting Collections,https://www.menards.com/main/lighting-ceiling-fans/indoor-lighting/lighting-collections/c-1462309966110.htm
Lighting Hardware & Accessories,https://www.menards.com/main/lighting-ceiling-fans/lighting-hardware-accessories/c-7516.htm
Outdoor Lighting,https://www.menards.com/main/lighting-ceiling-fans/outdoor-lighting/c-7528.htm
Replacement Glass & Shades,https://www.menards.com/main/lighting-ceiling-fans/replacement-glass-shades/c-7509.htm
Utility & Commercial Lighting,https://www.menards.com/main/lighting-ceiling-fans/Utility-Commercial-Lighting/c-1642874277599006.htm
Address Numbers & Letters,https://www.menards.com/main/outdoors/outdoor-decor/address-numbers-letters/c-10139.htm
Docks & Accessories,https://www.menards.com/main/outdoors/docks-dock-accessories/c-19470.htm
Fire Pits & Outdoor Heating,https://www.menards.com/main/outdoors/fire-pits-outdoor-heating/c-12918.htm
Gardening,https://www.menards.com/main/outdoors/gardening/c-12577.htm
Grills & Outdoor Cooking,https://www.menards.com/main/outdoors/grills-outdoor-cooking/c-13365.htm
Insect & Pest Control,https://www.menards.com/main/outdoors/insect-pest-control/c-10117.htm
Mailboxes & Mailbox Posts,https://www.menards.com/main/hardware/mailboxes-mailbox-posts/c-1482431821539.htm
Outdoor Decor,https://www.menards.com/main/outdoors/outdoor-decor/c-13140.htm
Outdoor Lighting,https://www.menards.com/main/lighting-ceiling-fans/outdoor-lighting/c-7528.htm
Outdoor Power Equipment,https://www.menards.com/main/outdoors/outdoor-power-equipment/c-10104.htm
Outdoor Recreation & Sports,https://www.menards.com/main/outdoors/outdoor-recreation-sports/c-13175.htm
Patio Furniture,https://www.menards.com/main/outdoors/patio-furniture/c-10136.htm
Patio Structures,https://www.menards.com/main/outdoors/patio-structures/c-7556.htm
Planters & Hanging Baskets,https://www.menards.com/main/outdoors/planters-hanging-baskets/c-10138.htm
Pools & Accessories,https://www.menards.com/main/outdoors/pools-accessories/c-10137.htm
Sheds & Accessories,https://www.menards.com/main/outdoors/sheds-accessories/c-9482.htm
Snow & Ice Removal,https://www.menards.com/main/outdoors/snow-ice-removal/c-12409.htm
Spas & Saunas,https://www.menards.com/main/outdoors/pools-spas-saunas/c-7846.htm
Swing Sets & Playsets,https://www.menards.com/main/outdoors/swing-sets-playsets/c-9592.htm
Watering & Irrigation,https://www.menards.com/main/outdoors/watering-irrigation/c-8648.htm
Planters & Hanging Basket Accessories,https://www.menards.com/main/outdoors/planters-hanging-basket-accessories/c-2654092911144963.htm
"Adhesives, Glue & Tape",https://www.menards.com/main/paint/adhesives-glue-tape/c-7919.htm
Caulks & Sealants,https://www.menards.com/main/paint/caulks-sealants/c-7929.htm
Ceilings,https://www.menards.com/main/paint/ceilings/c-7938.htm
"Cleaners, Thinners, & Removers",https://www.menards.com/main/paint/cleaners-thinners-removers/c-8152.htm
Concrete & Blacktop Sealers,https://www.menards.com/main/paint/concrete-blacktop-sealers/c-8189.htm
Exterior Paint & Stain,https://www.menards.com/main/paint/exterior-paint-stain/c-8005.htm
Interior Paint & Stain,https://www.menards.com/main/paint/interior-paint-stain/c-8015.htm
Ladders & Scaffolding,https://www.menards.com/main/paint/ladders-scaffolding/c-7975.htm
Paint Additives,https://www.menards.com/main/paint/interior-paint-stain/paint-additives/c-8034.htm
Paint Sprayers & Applicators,https://www.menards.com/main/paint/paint-sprayers-applicators/c-8088.htm
Painting Protection,https://www.menards.com/main/paint/painting-protection/c-8058.htm
Painting Tools,https://www.menards.com/main/paint/painting-tools/c-8076.htm
Primers & Sealers,https://www.menards.com/main/paint/interior-paint-stain/primers-sealers/c-8028.htm
Sandpaper & Abrasives,https://www.menards.com/main/paint/sandpaper-abrasives/c-8190.htm
Spray Paint,https://www.menards.com/main/paint/spray-paint/c-8041.htm
Wall Paneling & Planking,https://www.menards.com/main/paint/paneling-planking/c-8162.htm
Wallpaper & Appliques,https://www.menards.com/main/home-decor/wallpaper-appliques/c-8228.htm
Bird & Wildlife Supplies,https://www.menards.com/main/pet-wildlife/bird-wildlife-supplies/c-7865.htm
Cat Supplies,https://www.menards.com/main/pet-wildlife/cat-supplies/c-8280.htm
Dog Supplies,https://www.menards.com/main/pet-wildlife/dog-supplies/c-8297.htm
Pet Bird & Fish Supplies,https://www.menards.com/main/pet-wildlife/pet-bird-fish-supplies/c-8340.htm
"Pet Food Bowls, Food Storage & Mats",https://www.menards.com/main/pet-wildlife/pet-food-bowls-food-storage-mats/c-8330.htm
Rabbit & Guinea Pig Supplies,https://www.menards.com/main/pet-wildlife/rabbit-guinea-pig-supplies/c-8341.htm
Rabbit Hutches & Chicken Pens,https://www.menards.com/main/pet-wildlife/rabbit-hutches-chicken-pens/c-12936.htm
Stock Tank Deicers,https://www.menards.com/main/pet-wildlife/stock-tank-deicers/c-9558.htm
Drain Cleaning Tools,https://www.menards.com/main/plumbing/drain-cleaning-tools/c-8512.htm
Faucets,https://www.menards.com/main/plumbing/faucets/c-12340.htm
Hoses & Tubing,https://www.menards.com/main/plumbing/hoses-tubing/c-1463242261165.htm
Pipe & Fittings,https://www.menards.com/main/plumbing/pipe-fittings/c-1463242261164.htm
Pipe Insulation & Heat Cables,https://www.menards.com/main/plumbing/pipe-insulation-heat-cables/c-8586.htm
Plumbing Installation & Repair,https://www.menards.com/main/plumbing/plumbing-installation-repair/c-8524.htm
Plumbing Tools,https://www.menards.com/main/plumbing/plumbing-tools/c-1463242261168.htm
Pumps & Tanks,https://www.menards.com/main/plumbing/pumps-tanks/c-8671.htm
Sinks,https://www.menards.com/main/plumbing/sinks/c-13048.htm
Utility Sinks & Accessories,https://www.menards.com/main/plumbing/utility-sinks-accessories/c-9447.htm
Valves,https://www.menards.com/main/plumbing/valves/c-1463242261167.htm
Water Filtration & Softeners,https://www.menards.com/main/plumbing/water-filtration-softeners/c-12822.htm
Water Heaters,https://www.menards.com/main/plumbing/water-heaters/c-8686.htm
Bathroom Cabinets & Storage,https://www.menards.com/main/bath/bathroom-cabinets-storage/c-9450.htm
Closet Organizers,https://www.menards.com/main/storage-organization/closet-organizers/c-12634.htm
Garage & Outdoor Storage,https://www.menards.com/main/storage-organization/garage-outdoor-storage/c-12635.htm
"Kitchen Cabinets, Organizers & Food Storage",https://www.menards.com/main/kitchen/kitchen-cabinets-organizers-food-storage/c-12639.htm
Laundry Organizers,https://www.menards.com/main/storage-organization/laundry-organizers/c-12641.htm
Shelves & Shelving Units,https://www.menards.com/main/storage-organization/shelves-shelving-units/c-12636.htm
Shoe Racks & Organizers,https://www.menards.com/main/storage-organization/closet-organizers/shoe-racks-organizers/c-12647.htm
Storage & Organization Buying Guides,https://www.menards.com/main/buying-guides/storage-organization-buying-guides/c-19508.htm
Storage Cubes & Drawers,https://www.menards.com/main/storage-organization/shelves-shelving-units/storage-cubes-drawers/c-12646.htm
Storage Totes & Bins,https://www.menards.com/main/storage-organization/storage-totes-bins/c-12637.htm
Air Compressors,https://www.menards.com/main/tools/air-compressors/c-12910.htm
Automotive,https://www.menards.com/main/tools/automotive/c-9097.htm
Concrete & Masonry Tools,https://www.menards.com/main/tools/hand-tools/concrete-masonry-tools/c-8954.htm
Drain Cleaning Tools,https://www.menards.com/main/plumbing/drain-cleaning-tools/c-8512.htm
Drywall Tools,https://www.menards.com/main/tools/hand-tools/drywall-tools/c-8951.htm
Electrical Tools & Accessories,https://www.menards.com/main/electrical/electrical-tools-accessories/c-6453.htm
Flooring Tools,https://www.menards.com/main/tools/flooring-tools/c-1470857353466.htm
"Hand Carts, Trucks & Dollies",https://www.menards.com/main/tools/hand-carts-trucks-dollies/c-12175.htm
Hand Tools,https://www.menards.com/main/tools/hand-tools/c-8950.htm
Measuring & Layout Tools,https://www.menards.com/main/tools/hand-tools/measuring-layout-tools/c-9149.htm
Outdoor Power Equipment,https://www.menards.com/main/outdoors/outdoor-power-equipment/c-10104.htm
Plumbing Tools,https://www.menards.com/main/plumbing/plumbing-tools/c-1463242261168.htm
Power Tool Accessories,https://www.menards.com/main/tools/power-tool-accessories/c-10078.htm
Power Tools,https://www.menards.com/main/tools/power-tools/c-9033.htm
Roofing Tools,https://www.menards.com/main/tools/roofing-tools/c-13081.htm
Siding Tools,https://www.menards.com/main/building-materials/siding/siding-tools/c-13071.htm
Tile Installation Tools,https://www.menards.com/main/flooring-rugs/tile-stone/tile-installation-maintenance/tile-installation-tools/c-6599.htm
Tool Storage,https://www.menards.com/main/tools/tool-storage/c-9185.htm
Torches & Soldering Tools,https://www.menards.com/main/tools/torches-soldering-tools/c-8533.htm
Welders & Accessories,https://www.menards.com/main/tools/welders-accessories/c-10163.htm
Wet/Dry Vacuums & Accessories,https://www.menards.com/main/tools/wet-dry-vacuums-accessories/c-10092.htm
Workwear & Safety Gear,https://www.menards.com/main/tools/workwear-safety-gear/c-13834.htm
Blind Cleaners,https://www.menards.com/main/window-treatments/blind-cleaners/c-9263.htm
Blinds & Shades,https://www.menards.com/main/window-treatments/blinds-shades/c-9229.htm
Custom Blinds & Shades,https://www.menards.com/main/window-treatments/custom-blinds-shades/c-9237.htm
Custom Interior Shutters,https://www.menards.com/main/window-treatments/custom-interior-shutters/c-13566.htm
Curtain & Drapery Hardware,https://www.menards.com/main/window-treatments/curtains-drapery-hardware/c-9260.htm
Curtains & Drapes,https://www.menards.com/main/window-treatments/curtains-drapes/c-9261.htm
Interior Shutters,https://www.menards.com/main/window-treatments/interior-shutters/c-14051.htm
Window Film & Appliques,https://www.menards.com/main/window-treatments/window-film-appliques/c-9262.htm
